1,"Toby, Beastie Befriender ",
2,"Unidentified Hovership",binder
3,"Abhorrent Oculus",
4,"Overlord of the Floodpits",
5,"Paranormal Analyst",
6,"Dashing Bloodsucker",
7,"Demonic Counsel",
8,"Let's Play a Game",
9,"Murder",
10,"Valgavoth, Terror Eater",
11,"Bedhead Beastie",
12,"Boilerbilges Ripper",binder
13,"Diversion Specialist",
14,"Cathartic Parting",
15,"House Cartographer",
16,"Valgavoth's Onslaught",played
17,"Inquisitive Glimmer",
18,"The Jolly Balloon Man",played
19,"Marina Vendrell",binder
20,"Midnight Mayhem",played
21,"Nashi, Searcher in the Dark",
22,"Oblivious Bookworm",
23,"Victor, Valgavoth's Seneschal",
24,"Winter, Misanthropic Guide",
25,"Ghost Vacuum",
26,"Hushwood Verge",binder
27,"Terramorphic Expanse",
28,"Island",
29,"Plains",binder
30,"Mountain",
31,"Unwanted Remake",
32,"Demonic Counsel",
33,"Withering Torment",binder
34,"Fear of Missing Out",
35,"Waltz of Rage",binder
36,"Mirror Room // Fractured Realm",
37,"Roaring Furnace // Steaming Sauna",
38,"Doomsday Excruciator",binder
39,"Razorkin Needlehead",
40,"Hauntwoods Shrieker",played
41,"Tyvar, the Pummeler",
42,"Kaito, Bane of Nightmares",binder
43,"Nashi, Searcher in the Dark",
44,"Victor, Valgavoth's Seneschal",
45,"Marvin, Murderous Mimic",played
46,"Enduring Innocence",
47,"Overlord of the Balemurk",
48,"Twitching Doll",
49,"Fear My Authority",binder
50,"I Am Duskmourn",
51,"Reality Is Mine to Control",binder
52,"Exhume",
53,"Damnation",
54,"Spider",